"Location UID","line1","line2","lin3","town","county","post code"
"dd25078f-7ebf-4e07-a5d4-6345e525d8c0","First Floor","Lloyds Bank Chambers","24 Bondgate","Within Alnwck","Northumberland","NE66 1TD"
"4a7648d8-bd71-4ad5-9c5d-a7a5cc78ed2e","Cornhill House","26 Cornhill",,"Banbury","Oxfordshire","OX16 5NG"
"78419ce5-0d92-4c13-a9fa-993c92c79551","The Old Smithy","Sackville Road","","Bangor","Gwynedd","LL57 1LE"
"4468f2d4-1e9e-42d8-b049-79cdb3aaef1e","41b Hanbury Road","Bargoed",,"Caerphilly","","CF81 8QU"
"12f31b65-2117-49b3-b78d-8c6a3da45b94","Barking Learning Centre","2 Town Square","","Barking","Essex","IG11 7NB"
"27a9ea16-a86e-4d59-a15a-7a2999d383fd","Woodleigh","Flatts Road","","Barnard Castle","County Durham","DL12 8AA"
"19b76dca-7a51-4f14-a9d6-05e0496e122e","1st Floor","Wellington House","36 Wellington Street","Barnsley","South Yorkshire","S70 1WA"
"3bcaa343-1a4e-4310-87ff-71a897b44092","1 Bridge Buildings","The Strand",,"Barnstaple","Devon","EX31 1HF"
"525da418-ff2c-4522-90a9-bc70ba4ca78b","119 Broad Street","",,"Barry","Vale of Glamorgan","CF62 7TZ"
"75b56956-3ce8-4fac-86c5-6e56da08315d","Barton Local Link Office","Providence House",,"Holydyke","Burton-Upon-Humber","DN18 5PA"
"674d3fc4-efe5-43e2-a5a6-56cdd60e3653","The Basildon Centre","St Martins Square","Basildon Borough Council","Basildon","Essex","SS14 1DY"
"0c356ada-739b-4fef-8aa8-13c1c964a599","2 Edgar Buildings","George Street",,"Bath","Somerset","BA1 2EE"
"066e56c9-152c-4562-80e5-6a01bfdf424b","7a St Paul's Square","",,"Bedford","Bedfordshire","MK40 1SQ"
"226c7cc0-c538-41c4-a1e3-38f79425b87d","5 Tweed Street","",,"Berwick-upon-Tweed","Northumberland","TD15 1NG"
"dd18af79-8a1c-4db5-b3bd-ad11b3019f19","100 Lairgate","",,"Beverley","East Yorkshire","HU17 8JQ"
"ddc5113c-fb17-4cdb-be0e-76900446fb14","The Garth","Launton Road",,"Bicester","Oxfordshire","OX26 6PS"
"3d14734d-c5da-43ec-b414-b8f50f83fc7b","Century House","Market Square",,"Biggleswade","Bedfordshire","SG18 8UU"
"665bc19a-26d2-4f60-96ed-98e00c59fe1c","99 Dewhurst Road","Birchwood",,"Warrington","Cheshire","WA3 7PG"
"bed44cf4-8134-42a1-bcb2-74fa9ec45b0a","50 Argyle Street","",,"Wirral","Birkenhead","CH41 6AF"
"a22a7077-30a6-4a4a-a48c-11cd54faf6b2","Ground Floor","Gazette Buildings","168 Corporation Street","Birmingham","West Midlands","B4 6TF"
"c02201b3-cc4e-4ef2-9183-7eb704287303","Four Clocks Centre","154a Newgate Street","","Bishop Auckland","County Durham","DL14 7EH"
"024577d6-bb31-45b1-bc0e-6c57a0f8f92b","Arosfa House","High Street","","Blaina","Blaenau Gwent","NP13 3AN"
"7702f38e-4e9f-42e2-8473-6fb6586d1bcf","Eric Tolhurst Centre","3-13 Quay Road",,"Blyth","","NE24 2AS"
"430f0a72-c799-4c54-857e-a04320314987","Shire Hall","Mount Folly Square",,"Bodmin","Cornwall","PL31 2DQ"
"0337ef4d-0076-48c6-a588-98e5ca5b91dd","20-24 Bowkers Row","","","Bolton","Greater Manchester","BL1 1JL"
"b7c92ff5-c0c8-40de-ae1c-ba4e9c088ebe","Chantry House","3 Lincoln Lane",,"Boston","Lincolnshire","PE21 8RU"
"25d21505-bfeb-4539-b3df-250eb7628b1d","West Wing","Town Hall","Bourne Avenue","Bournemouth","Dorset","BH2 6DX"
"b121bb95-081f-46b2-95f0-f3f45468e4a6","Centenary Square","","","Bradford","West Yorkshire","BD1 1HY"
"203355b5-b24f-40ca-8bf4-dacaefafa284","11 Glamorgan Street","Powys",,"Brecon","Powys","LD3 7DW"
"0b703eb5-64fa-44b5-85e0-fa378392ba55","270-272 High Road","",,"London","","NW10 2EY"
"2c1d89a2-79c5-42c9-bf9e-61027bb3f288","Town Hall","Heathfield Terrace","Hounslow","Chiswick","London","W4 4JN"
"a76f84ed-f704-412b-9fb1-e90d95d528cf","Ground Floor","26 Dunraven Place",,"Bridgend","","CF31 1JD"
"6398ceba-fadf-450a-929d-e2d7b0daafd9","5a Prospect Arcade","",,"Bridlington","East Yorkshire","YO15 2AL"
"db8ae1d6-2d21-4fc2-86a6-478f055fe7a1","45 South Street","",,"Bridport","Dorset","DT6 3NY"
"f9eb7d98-499d-4153-9088-02efa225f7d2","48 Fairfax Street","","","Bristol","Bristol","BS1 3BL"
"ea8f309c-00fd-42ad-8243-34ed29aa0e13","High Street","Bromley",,"","","BR1 1EX"
"752e6613-4d1a-4761-96d7-35302bb39faf","South Street","",,"Bromley","Kent","BR1 1RH"
"18304c59-bb08-4f4a-b161-4d0eb8169fe5","50-52 Birmingham Road","",,"Bromsgrove","Worcestershire","B61 0DD"
"397bceb3-8f9c-4ec4-bc86-90dc214e0740","Broseley Medical Centre","Bridgnorth Road",,"Broseley","Shropshire","TF12 5EL"
"9c26f0f3-6e92-41e0-bdc4-6e380b933548","Brough & Elloughton Community Centre","Centurion Way",,"Brough","","HU15 1AY"
"fd4a2a82-4df7-440a-a261-851ea1075da0","Neetside","",,"Bude","Cornwall","EX23 8LB"
"de745bc7-8f9e-47b6-a267-61ca8db03843","Delmon House","38 Church Rd",,"Burgess Hill","West Sussex","RH15 9AE"
"5256737b-acfb-46ee-87d7-ed74cd1bde45","Suite 8 Anson Court","Horninglow Street","East Staffordshire","Burton-on-Trent","Staffordshire","DE14 1NG"
"f51aae06-4936-4aa9-922a-2f6b185c5236","The Risbygate Centre","90 Risbygate Street","Bury St Edmunds","","Suffolk","IP33 3AA"
"b63e0799-2161-482f-bdfe-5188f904da32","26 Spring Gardens","High Peak","","Buxton","Derbyshire","SK17 6DE"
"ef89cd6d-855b-4a81-840e-d8f4b0e7f1dd","Victoria Chambers","Crown Street","","Caernarfon","Gwynedd","LL55 1SY"
"fa064037-1467-403a-a3ca-a963853e9f89","2B De Clare House","5 Alfred Owen Way","Pontygwindy Industrial Estate","Caerphilly","","CF83 3HU"
"cc3e0e30-fbd8-410b-a39b-2a5ae5232551","5A Church Road","",,"Caldicot","Monmouthshire","NP26 4BP"
"00b45549-f1da-40a4-8696-3f3c1ce42723","Camborne Office","The Community Centre","South Terrace","Camborne","Cornwall","TR14 8SU"
"52dab122-04e9-46ae-8eb6-5654ab4e9a96","48 Allport Road","",,"Cannock","Staffordshire","WS11 1DY"
"a77937bd-6f1f-4e7e-94e0-07817cd7ba2c","3 Westgate Hall Rd","",,"Canterbury","Kent","CT1 2BT"
"18ef0b7d-b13a-4284-9765-aa888aa4ba09","Napier Street","",,"Cardigan","Ceredigion","SA43 1ED"
"234fd904-6288-49a9-8d59-f46439ab9060","68 Parkgate Road","Sutton",,"Wallington","Surrey","SM6 0AH"
"ddf6eedb-b007-49a1-9def-64778c2ed38d","120 Rushey Green","","","Catford","London","SE6 4HQ"
"2fd87784-c67f-44dc-87f0-615412a731f0","Ashfield Road","",,"Cheadle","Greater Manchester","SK8 1BB"
"ecb39ba7-ad9e-4dca-b3a6-904bc3421436","Burgess Well House","Coval Lane",,"Chelmsford","Essex","CM1 1FW"
"2f983556-aa19-4142-9913-5b788e3c10dc","The Gate House","High Street",,"Chepstow","Monmouthshire","NP16 5LH"
"7b8fa4cf-bbdf-4640-b76e-3d7bea15cc34","The Bluecoat","Upper Northgate Street",,"Chester","Cheshire","CH1 4EE"
"ab2c8960-d3f2-49fb-98ac-028b3ff81398","6-8 Broad Pavement","",,"Chesterfield","Derbyshire","S40 1RP"
"d38d399a-db2b-49cd-b50a-1804f02b52de","Chipping Norton Health Centre","Russell Way",,"Chipping Norton","","OX7 5FA"
"c554946e-7b79-4446-b2cd-d930f668e54b","35-39 Market Street","",,"Chorley","Lancashire","PR7 2SW"
"b3eab1f3-f7c1-4f9f-88a3-841500497c08","2 Sopers Lane","",,"Christchurch","Dorset","BH23 1JG"
"8874909a-073a-4527-96c6-832d8cc8b8e3","Mayfair Community Centre","Easthope Road",,"Church Stretton","Shropshire","SY6 6BL"
"92474082-3108-4895-bc06-7173767fbdd9","18 Carnarvon Road","",,"Clacton-on-Sea","Essex","CO15 6QF"
"422053c7-d42b-439d-8a61-e51ce33b49f8","Council Offices","North West",,"Coalville","Leicestershire","LE67 3FJ"
"768a7e30-bbf4-4d06-95fa-34714fd23f7f","Blackburn House","32 Crouch Street",,"Colchester","Essex","CO3 3HH"
"41214e8d-9dfc-4f2f-9e58-8bf08c51001c","77 Medomsley Road","",,"Consett","","DH8 5HN"
"03f61630-9e42-4ddf-bdd1-d124b846d88e","The Corby Cube","Parkland Gateway","George Street","Corby","Northamptonshire","NN17 1QG"
"3af63faf-0e86-48f7-a00d-8e74216d49f7","Canolfan Ni Community Centre","Blas Ar Fyw","London Road","Corwen","Denbighshire","LL21 0DP"
"26f675df-fbc6-41a2-9594-485c2052ec2e","Kirby House","Little Park Street",,"Coventry","West Midlands","CV1 2JZ"
"795b0da6-2453-4d68-8ef5-8ba366090e76","St Andrews Church Hall","Newmarket Street",,"Skipton","North Yorkshire","BD23 2JE"
"72d3d480-c06c-4328-94b6-8a55a508e04f","Craven Arms Medical Practice","20 Shrewsbury Road","Craven Arms","","Shropshire","SY7 9PY"
"5e26a381-eedd-413e-b30e-4c05528efaec","The Orchard","1-2 Gleneagles Court","Brighton Road, Southgate","Crawley","West Sussex","RH10 6AD"
"59f95c47-a6f9-4abe-a0e4-5643bc616c95","50 Victoria Street","",,"Crewe","Cheshire","CW1 2JE"
"18dd46fc-dbd5-4e61-950d-60238ef74069","Dacre House","19 Hillfield Road",,"Hemel Hempstead","Hertfordshire","HP2 4AA"
"ee399dec-f9c2-4201-b27f-e3da114d3e17","Bennet House","14 Horsemarket","","Darlington","County Durham","DL1 5PT"
"7c851efd-3bda-4035-9092-5ed3c13d7d5b","Trinity Resource Centre","High Street",,"Dartford","Kent","DA1 1DE"
"a4ef3b80-989c-4dc9-9059-15af609c55c8","The Abbey","Market Square",,"Daventry","Northamptonshire","NN11 4XG"
"b55df4eb-5461-4350-86fd-9945f4444bec","Cable Street","Off Tuscan Way","Connah's Quay, Flintshire","Deeside","Flintshire","CH5 4DZ"
"a75c52c0-7b36-42b5-b965-73c8949c252d","23 High Street","",,"Denbigh","Denbighshire","LL16 3HY"
"5ee835cb-f806-45f7-8bbf-b8252a647df0","Stuart House","Green Lane",,"Derby","Derbyshire","DE1 1RS"
"34da8c77-39ce-43b6-88bf-7029803525f0","New Park Street","Devizes",,"","Wiltshire","SN10 1DY"
"783722f2-e28c-4215-bb91-a4ffa6a5fee9","Units 5/6 Empire House","Wakefield Old Road","Dewsbury","","West Yorkshire","WF12 8DJ"
"a03d34f8-5939-4851-82e1-7bc48bea01d1","Dales'","9-15 High Street",,"Didcot","Oxfordshire","OX11 8EQ"
"b63c56e9-2111-43cc-bb72-c58ad4053bfc","Shelfanger Road","",,"Diss","Norfolk","IP22 4EH"
"5f9d8ea1-fd4d-44ed-aa7b-54aa0973bc53","Doldir","",,"Dolgellau","Gwynedd","LL40 1HA"
"63c2cdbc-a3b5-414d-b88e-805d5d108ff8","Dorchester Library","Charles Street","","Dorchester","","DT1 1EF"
"fff72733-cdf4-4142-b57b-0f7361fc0549","Maison Dieu Gardens","Maison Dieu Road",,"Dover","Kent","CT16 1RW"
"886a161a-41ca-4366-9b51-75ce94aa23fb","54 North Road ","","","Durham","County Durham","DH1 4SF"
"e82acef5-154c-4fc9-ba0b-be00ca074d08","The New Library","May Lane",,"Dursley","Gloucestershire","GL11 4JE"
"04893a8d-d145-4b62-aaee-7db8d7106a12","Unit 6","Highlight House","8 St Leonards Road","Eastbourne","East Sussex","BN21 3UH"
"d3346ea8-a1d9-467a-ba4e-62f229d97964","101 Leigh Road","",,"Eastleigh","Hampshire","SO50 9DR"
"8704f746-e4a4-4c79-92c9-6bc3ca784f47","The Eden Centre","Four Elms Road","Sevenoaks District","Edenbridge","Kent","TN8 6BY"
"ee8c30a5-0704-4ae6-b765-2e9b9b1cbdd2","1 Whitby Road","Ellesmere Port",,"Ellesmere Port","Cheshire","CH65 8AA"
"c751d1c7-39a2-46d9-ab10-ff5a57060fe9","The Library","6 The Cloisters","","Ely","Cambridgeshire","CB7 4ZH"
"657a523b-f14f-46b9-9024-5b51ddcf1e8e","Jasmine Centre","Cowbridge Road West","Ely","Cardiff","","CF5 5BQ"
"1cc67bbb-b879-4def-8713-99255a0bce03","Unit 3","Vincent House","2E Nags Head Road, Ponders End","Enfield","Middlesex","EN3 7FN"
"30bbcc52-5a4a-4d13-bd67-f7174ae7a05e","The Old Town Hall","The Parade",,"Epsom","Surrey","KT18 5AG"
"7cf8e2b2-f04d-42df-a1db-7e3e701a354c","Dix's Field","",,"Exeter","Devon","EX1 1QA"
"43fcab23-b01f-4805-a34d-e7edb77b65ce","Town Hall","St Andrews Road","","Exmouth","Devon","EX8 1AW"
"36677c88-bf6c-482c-96fa-72c7b1cf94d7","Mulberry Passage","Market Strand",,"Falmouth","Cornwall","TR11 3DB"
"df6fdf18-e089-49a1-9453-1400d55b96e9","Elles Hall","Meudon Avenue",,"Farnborough","Hampshire","GU14 7LE"
"7f164b45-3693-4195-80b9-b57a1e3eabb6","2-6 Orwell Road","",,"Felixstowe","Suffolk","IP11 7HD"
"374078f4-aaf3-4b38-a577-b11484faa36f","Civic Offices","Harlington Way",,"Fleet","Hampshire","GU51 4AE"
"bdcdaad8-971b-4bb8-af75-35e820fe5317","Council Offices","Moor Street","Kirkham, Fylde","Preston","Lancashire","PR4 2AU"
"ed5ca339-eaa8-43c5-91c7-dc01a7d1897e","Garston Community House","Garston Village","2 Speke Road","Liverpool","Merseyside","L19 2PA"
"df0bc039-00d4-4173-9a26-e60a3e84e7c4","The Courtyard","Newbury Court",,"Gillingham","Dorset","SP8 4QX"
"621e287d-3688-433b-8918-7a18ea0e391b","75-81 Eastgate Street","",,"Gloucester","Gloucestershire","GL1 1PN"
"f3bab6f3-2c0a-4ff2-95b1-660e18d5ae4d","80 Pasture Road","","","Goole","East Yorkshire","DN14 6HD"
"e7a0fd65-c086-40f9-82c2-c1dd905a48d6","Guild Hall Arts Centre","St Peters Hill",,"Grantham","Lincolnshire","NG31 6PZ"
"bec4686b-c37f-4891-8c14-0ec4be8f5807","First Floor Civic Centre","Windmill Street",,"Gravesend","Kent","DA12 1AU"
"7639e7eb-3e62-4d2d-a34c-d2c9622ce72e","DIAL Great Yarmouth","Kingside","26-27 King Street","Great Yarmouth","Norfolk","NR30 2NZ"
"9a26cf40-f81a-4d02-80e8-94d4c0deaf35","16 Town Hall Street","",,"Grimsby","North East Lincolnshire","DN31 1HZ"
"58784814-1ee9-498a-b856-501252e13024","15 - 21 Haydon Place","",,"Guildford","Surrey","GU1 4LL"
"bd464be9-8b9f-4a55-b3ef-a4a8f16ed41d","Belmont House","Rectory Lane",,"Guisborough","","TS14 7FD"
"95fe5264-276f-4f60-adfc-549673c11be0","37 Harrison Road","Calderdale",,"Halifax","West Yorkshire","HX1 2AF"
"c165d25e-f27b-4ce9-b3d3-e7415ebaa93c","551B Tottenham High Road","Haringey",,"London","","N17 6SB"
"f8c6f23c-0f24-4098-95a5-3cdccea9d663","13-15 East Gate","The High",,"Harlow","Essex","CM20 1HP"
"2121cbab-5fd8-4811-847c-1ba9966b969e","Audrey Burton House","Queensway",,"Harrogate","North Yorkshire","HG1 5LX"
"c8a52d5a-4136-4c0f-b7f2-4277cfb8c249","87 Park Road","",,"Hartlepool","","TS26 9HP"
"ff03a764-13c7-4fee-9318-f1bd412b4338","Havant Borough Council ","Public Service Plaza"," Civic Centre Road","Havant","Hampshire","PO9 2AX"
"1b1afb0c-4f85-488a-86cc-f8df1666a757","9 Victoria Road","Havering",,"Romford","","RM1 2JT"
"736a785a-82f6-4c86-b88e-6c5a4ef4691e","Pye Green Community Centre","Bradbury Lane",,"Hednesford","","WS12 4EP"
"13add958-5c9b-4128-88ca-ef26586e0660","32 Market Place","",,"Henley-on-Thames","Oxfordshire","RG9 2AH"
"d94d988f-2ef7-4796-8696-b45bcaa492bc","8 St Owen Street","",,"Hereford","Herefordshire","HR1 2PJ"
"7b3b976c-7f2f-4f8e-9a18-1ec43ff06518","Hillcroft","Rocky Lane","Heswall","Wirral","","CH60 0BY"
"568fddd8-69a7-4646-8528-4b1e8b202de7","The Community Centre","Gilesgate",,"Hexham","Northumberland","NE46 3NP"
"f2ca5441-6a04-4984-9b7a-8106e48dacdf","8 Easton St","High Wycombe District",,"High Wycombe","Buckinghamshire","HP11 1NJ"
"85b42928-a4b3-4a7f-8454-bc789c9df99c","Holt CAB","Kerridge Way",,"Holt","Norfolk","NR25 6DN"
"b9eed32c-d4c2-45c0-b20b-d060d60aba99","6 Victoria Terrace","",,"Holyhead","Anglesey","LL65 1UT"
"b115e9ff-bd4f-4a73-9f2e-ff4f04383309","The Old Library","Post Office Lane",,"Holywell","Flintshire","CH8 7LH"
"fdf2fa41-b0b7-44ae-a992-4409490dc9fb","Honiton Library & Information Centre","48-50 New Street","","Honiton","Devon","EX14 1BS"
"bc588eed-fc08-4448-b793-a287e417c2be","The Wilson Centre (1st floor)","Alfred Gelder Street","","Hull","East Yorkshire","HU1 2AG"
"5a19a532-87aa-478e-bc94-35d52d7e71dc","New Era Centre","Paradise Street",,"Accrington","Lancashire","BB5 1PB"
"f71a9a40-6cf5-4856-b9a4-f0ce551d93b4","The Albion Leisure Centre","East Street",,"Ilkeston","Derbyshire","DE7 5JB"
"1a1ce06e-6c37-42b1-a99e-b3fafd5705af","Isle Help Advice Hub","7 High Street",,"Newport","Isle of Wight","PO30 1SS"
"018bf0b5-ddb7-45a7-ba88-1e1bfd88ca35","Central Hall","Alice Street",,"Keighley","West Yorkshire","BD21 3JD"
"42db5cdf-486a-47f9-b0d6-5983aade21a3","Municipal Offices","Bowling Green Road",,"Kettering","Northamptonshire","NN15 7QX"
"c481d0a6-dccb-4f52-bfa0-57aba00a2560","Kidlington CAB","Exeter Hall",,"Kidlington","Oxfordshire","OX5 1AB"
"471be5a2-88c4-4a8f-9c95-ab92bc44d1b8","Wimborne Road","Kinson",,"Bournemouth","Dorset","BH11 9AW"
"cb0f17fa-2763-4177-b696-1708822167fb","87 King Street","","","Lancaster","Lancashire","LA1 1RH"
"50811d53-741f-4a42-8489-ded0f3515348","10 Hamilton Terrace","",,"Leamington Spa","Warwickshire","CV32 4LY"
"91b67ee6-f131-44d1-a05e-aac1306adba4","Westminster Buildings","31 New York Street",,"Leeds","West Yorkshire","LS2 7DT"
"fdcde285-37fd-4858-b00a-4ee31b4488b1","3rd Floor","60 Charles Street",,"Leicester","","LE1 1FB"
"00b7fb86-cb85-4b7a-a454-e037ee0811f9","Bossard House","West Street",,"Leighton Buzzard","Bedfordshire","LU7 1DA"
"77d003f9-976d-4eb2-8703-715b698b96d4","Multi-Agency Office","Conningsby Road",,"Leominster","Herefordshire","HR6 8LL"
"88aac83b-2bec-409d-ad0e-21fc81398d6c","Beaumont Lodge","Beaumont Fee",,"Lincoln","Lincolnshire","LN1 1UL"
"217ce382-c726-4723-9f0d-d79daed8681c","Duchy House","21 Dean Street",,"Liskeard","Cornwall","PL14 4AB"
"964eff71-cb06-472a-be42-02d9eb67b17a","14-16 Anchor Springs","",,"Littlehampton","West Sussex","BN17 6BP"
"6b042dfe-70a8-4ab0-ab9d-372c2da7b407","PCC County Hall","","","Llandrindod Wells","Powys","LD1 5LG"
"e8fa2ad0-9b45-418e-93ef-120c79cdb487","District Office","Eryl Wen","Eryl Place","Llandudno","Conwy","LL30 2TX"
"26c38b1b-59e3-4c52-9390-ef3b644dd60a","The Library","Learning & Community Centre","Countisbury Avenue","Cardiff","","CF3 5NQ"
"b7845e3e-ced9-4464-91c9-39150958e319","Woodgate Chambers","70 Woodgate",,"Loughborough","Leicestershire","LE11 2TZ"
"689bb0ad-a020-4fa0-b2c0-750867a2ccc2","Unit 1","Meridian House","41 Eastgate","Louth","Lincolnshire","LN11 9NH"
"965140f6-a3bd-487a-88d2-1ec9af471afd","Ludlow Youth Centre","Lower Galdeford",,"Ludlow","Shropshire","SY8 1RT"
"73a17511-8f2f-4753-bf3b-d7fb9fc7ad3e","One Stop Shop","Wycliffe House","Gilmorton Road, Leicester","Lutterworth","Leicestershire","LE17 4DY"
"3f98cce4-bae3-4842-951d-65b741d22feb","Sunderland House","Sunderland Street","Cheshire East","Macclesfield","Cheshire","SK11 6JF"
"815302b5-a2ae-43c6-9c8f-2a2b879f30d8","4 Marlow Road","",,"Maidenhead","Berkshire","SL6 7YR"
"c3dcaac8-ce2e-40ee-9bb7-fddae7879fbb","Malvern Heights","Chequers Close","Enigma Business Park","Malvern","Worcestershire","WR14 1BF"
"38fe9633-d556-4e96-ab99-518eeaf7d2a7","Swan Buildings","20 Swan Street",,"Manchester","Greater Manchester","M4 5JW"
"7a575fa1-4886-4df6-8242-e9d0fc022dbf","Advicehub","16 Regent Street",,"Mansfield","Nottinghamshire","NG18 1SS"
"ce33c3ba-0dbc-452d-85eb-fd96d759431c","Hollins House","Memorial Park","Marple","Stockport","Greater Manchester","SK6 6BA"
"44c35d0e-0ba9-4cf8-ae50-d13d6867d215","Town Hall","Bank Road",,"Matlock","Derbyshire","DE4 3NN"
"184fcd75-7196-4be3-8541-bf2adad929d2","3 Bolckow Street","","","Middlesbrough","Cleveland","TS1 1TH"
"4bd10e4e-c2ea-4849-9f60-ae7383d7123c","Acorn House","361 Midsummer Boulevard",,"Milton Keynes","Buckinghamshire","MK9 3HP"
"848a0ab6-d59f-4f4c-93fb-acc0360af89d","Kellaway House","326 London Road","Merton & Lambeth","Mitcham","Surrey","CR4 3ND"
"a4c87f83-000b-4fcf-9282-6b6241f9d44b","The Annexe Terrig House","Chester Street","Mold","","Flintshire","CH7 1EG"
"733d414d-900b-4d60-8af1-87ba0b4405a0","23a Whitecross Street","",,"Monmouth","Monmouthshire","NP25 3BY"
"253a5060-9fc7-4936-8ab2-805b8ac0e781","7 Crown Parade","Crown Lane","Merton","Morden","Surrey","SM4 5DA"
"9a917b33-cd06-40f3-85c6-4247d78f2a37","Oban House","87-89 Queen Street","North West","Morecambe","Lancashire","LA4 5EN"
"b6ee034b-9b0d-4e50-8dcb-af1e32c72bd4","2nd Floor, Broadway House","4-8 The Broadway","Northbrook Street","Newbury","Berkshire","RG14 1BA"
"d257eadc-b798-4c86-ab8a-a521bf2028bb","8 Corn Street","",,"Newport","Gwent","NP20 1DJ"
"afaa3994-8bb1-403b-9f68-74ec2e60a638","The Public Library","Marcus Hill",,"Newquay","Cornwall","TR7 1BD"
"079ab7f9-2105-4aef-839a-0dea6691aaaf","36-38 Market Walk","",,"Newton Abbot","Devon","TQ12 2RX"
"a371284c-681f-4da5-9d4f-c3f6b24620b3","2 Pease Way","Newton Aycliffe","County Durham","","","DL5 5NH"
"fef02333-6563-4643-b4dd-68224090d395","Ladywell House","Frolic Street Entrance","Park Street","Newtown","Powys","SY16 1QS"
"285c78f4-5c24-486c-b498-cc7c7ed0b533","138 Scargreen Avenue","Norris Green",,"Liverpool","Merseyside","L11 3BE"
"aaf2967c-871a-49f6-9912-c2483879879f","277 High Street","",,"Northallerton","North Yorkshire","DL7 8DW"
"d4303701-3b39-4ede-b001-3b7234b05478","Town Centre House","7/8 Mercers Row",,"Northampton","Northamptonshire","NN1 2QL"
"13e12f95-f709-4536-b6ee-8d7a735ddf9f","The Badger Centre","3-6 Wadham Street","Weston-Super-Mare","","Somerset","BS23 1JY"
"97b5ad4d-eb7f-4040-96ce-b7f7f06836cf","Meadow Court","Meadow St",,"Northwich","Cheshire","CW9 5FP"
"c26be4e6-5460-4a95-a921-36b32854ffb9","The Ockment Centre","North Street",,"Okehampton","Devon","EX20 1AR"
"76f91e15-97d3-4de7-ae85-7d3abb91dcbb","1-2 Ascroft Court","Peter Street",,"Oldham","Greater Manchester","OL1 1HP"
"a04a2285-53e1-4ee9-959e-6aa546faf49e","34 Arthur Street","",,"Oswestry","Shropshire","SY11 1JN"
"6c12baec-ca22-491c-822a-94bb23eb5985","95 St Aldates","",,"Oxford","Oxfordshire","OX1 1DA"
"3b7e33a5-c2d1-41ca-8000-26fa6ec23f2a","29 Palace Avenue","",,"Paignton","Devon","TQ3 3EQ"
"beb75452-1762-4aa5-aa71-cf255a18f88e","38 Meyrick Street","Pembroke Dock",,"","Pembrokeshire","SA72 6UT"
"daf33c4a-0dde-4621-9379-3081f55bbcf8","Cornwall Council One Stop Shop","St Clare",,"Penzance","Cornwall","TR18 3QW"
"1812446c-77a1-462f-b356-a13b3c203658","16-17 St Mark's Street","",,"Peterborough","Cambridgeshire","PE1 2TU"
"c312229b-c96d-49d0-8362-4a3f746b3ac4","3rd Floor","Cobourg House","32 Mayflower Street","Plymouth","Devon","PL1 1QX"
"6cdd30bf-c736-4f5a-a780-4afd0cf2c361","Ark Royal House","Winston Churchill Avenue",,"Portsmouth","Hampshire","PO1 2GF"
"2e2a0a97-8a53-46a9-97a3-f7d68bf82997","Llys Cynan","12 Penlan Street","","Pwllheli","Gwynedd","LL53 5DH"
"a40d57f4-5a86-4e99-9ba7-ab2b5caf3636","38 Plains of Waterloo","","","Ramsgate","","CT11 8HX"
"a801a72d-91be-4a33-86a6-3d652cfc00d0","Minster Street","",,"Reading","Berkshire","RG1 2JB"
"8303d015-864e-4e5c-91f5-ca699103db32","Broadway Chambers","1 Cranbrook Road","Redbridge","Ilford","Essex","IG1 4DU"
"277ff824-fc1f-4ffb-bddd-0045a15e349b","5 Gelliwastad Road","",,"Pontypridd","Rhondda Cynon Taff","CF37 2BP"
"d9b55e78-2c11-44e3-a203-76c11070e334","11 Water Street","",,"Rhyl","Denbighshire","LL18 1SP"
"2bd6a3b1-39f5-4538-92db-797310f67f41","23 Newbiggin","",,"Richmond","North Yorkshire","DL10 4DX"
"be6781f2-9d3a-4683-89c4-8c58f39930c0","Park Road","",,"Risca","Caerphilly","NP11 6BJ"
"ac09e6bc-6022-453e-8648-1648829ade67","Stublee Hall","Stublee Park",,"Bacup","Lancashire","OL13 ODE"
"fdbab241-a9c5-48d0-be2c-146e39367d3f","Rossmore Community Library & Learning Centre","Herbert Avenue","","Poole","","BH12 4HR"
"557a457f-a687-42df-8fa5-18e26d6aaade","7 Brook Square","",,"Rugeley","Staffordshire","WS15 2DU"
"b33f76be-68de-4d1c-9702-a2bd1edb6398","Runcorn Office","Ground Floor","Grosvenor House","Runcorn","Cheshire","WA7 2HF"
"18c433f7-2359-4485-8a85-61d2e5f3ccfc","The Old Fire Station","Market Street",,"Ruthin","Denbighshire","LL15 1BE"
"cdf836e6-d09e-4c6b-9650-6cbdf31def80","Stanley Harrison House","Norton Road","Norton","Malton","North Yorkshire","YO17 9RD"
"66ae06cd-9cfe-426a-b088-07071e51323f","1 Waterside Plaza","",,"Sale","Greater Manchester","M33 7BS"
"9e533f12-e854-4df1-b3e9-fae93e648816","Ground Floor","18 Belle Vue Road",,"Saltash","Cornwall","PL12 6ES"
"2fdfd280-cc33-44ce-bf16-48a7422d559c","4 Elders Street","",,"Scarborough","North Yorkshire","YO11 1DZ"
"157ebf63-2249-4a5e-836e-e117d4228ed1","12 Oswald Road","",,"Scunthorpe","North Lincolnshire","DN15 7PT"
"f47c08e1-9322-4730-9059-c3aa97f49cf4","37 Church Street","",,"Seaford","East Sussex","BN25 1HG"
"ca857ea1-e51a-442d-937d-b7c720d91ecf","Clarence House","High Street","Bridgwater","Bridgwater","Somerset","TA6 3BH"
"5ecc958b-33d6-4ef9-8a4d-ca6321b60be0","Rear of 4 Park Street","",,"Selby","North Yorkshire","YO8 4PW"
"54be01f2-44fc-435c-a6ca-48a43a95f78d","5 Chapel Street","Woodhouse",,"Sheffield","South Yorkshire","S13 7JN"
"fbe3408f-fe33-4099-8695-504e34fb1b8b","Proctor Place Office","Proctor Place",,"Sheffield","","S6 4HF"
"21be39b7-a9a0-43cc-a65a-b2cb4035810c","17 Station Street","",,"Sittingbourne","Kent","ME10 3DU"
"9e25f956-f8b2-47c5-9925-654e6e9bfc31","20 Algitha Road","",,"Skegness","Lincolnshire","PE25 2AG"
"32cd9a99-2605-40d4-aa11-455189bc33b0","Unit 47","The Concourse Shopping Centre",,"Skelmersdale","Lancashire","WN8 6LN"
"9ebfb9ed-ef7e-4f66-82b9-522e1d7bbd35","The Advice Centre","Money's Yard","Carre Street","Sleaford","Lincolnshire","NG34 7TW"
"b4124719-867e-4d99-aace-721fa583c6de","1 Church Road","",,"Southend-on-Sea","Essex","SS1 2AL"
"91ec2400-7653-44a7-b218-16722a939a23","48-50 Portland Road","South Norwood","Croydon","London","","SE25 4PQ"
"2d6b06d2-0311-48c0-b2cd-f316a14e3383","South Ribble Bureau","78 Towngate",,"Leyland","Lancashire","PR25 2LR"
"062d94cc-7cf7-48c6-b530-0dad5a5a616c","Edinburgh Buildings","2 Station Approach","South Tyneside","South Shields","Tyne & Wear","NE33 1HR"
"f6cb821f-d832-4bd6-9ee6-7aa55bc0c71e","Civic Centre","Gravel Hill","South Staffordshire","Wombourne","Staffordshire","WV5 9HA"
"8d9a5023-8ed4-4fa0-80cf-7605b784c8b8","Council Offices","Priory Road",,"Spalding","Lincolnshire","PE11 2XE"
"64f46eb9-de5d-4227-b9fb-de3bdfcfe602","17 Eastgate Street","(opposite The Royal British Legion)",,"Stafford","Staffordshire","ST16 2LZ"
"a22125cd-42a9-479b-ac3e-524ec33a6357","The Signpost Centre","Auden Way","Highfields","Stafford","","ST17 9TX"
"34416475-8704-4240-9bbc-6cf9a68cf7ac","Civic Centre","",,"St Albans","Hertfordshire","AL1 3JE"
"1025f5d1-f403-4c37-90fc-39aeb2e3f04e","The Hub @ Stalbridge","Station Road",,"Stalbridge","","DT10 2RG"
"06bd7d95-480d-4827-b241-07d3450c30e9","39 High Street","",,"Stamford","Lincolnshire","PE9 2BB"
"4ed28a06-d450-4afe-821e-3284db714887","39 Penwinnick Road","",,"St Austell","Cornwall","PL25 5DS"
"d4397efb-65f3-4d93-ad1d-2e5272197c8f","Swingate House","Danestrete",,"Stevenage","Hertfordshire","SG1 1AF"
"96418ee8-10ec-4fca-822d-374ddd87a282","Millennium Centre","Corporation Street","St Helens","","Merseyside","WA10 1HJ"
"8ffb927e-ceea-4db7-a373-a9f335428b8b","Bath Lane","",,"Stockton-on-Tees","Cleveland","TS18 2DS"
"275a86f9-e35a-4ed4-af11-b3fd1fa6d4dc","Advice House","Cheapside","Hanley","Stoke-on-Trent","Staffordshire","ST1 1HL"
"59f2c959-3b8e-4695-90a5-3d747ccbf5fd","Stone Town Council Offices","15 Station Road",,"Stone","Staffordshire","ST15 8JP"
"a99eeac3-14ad-4a3c-842f-005c76998aa5","5 Milton Road South","",,"Stowmarket","Suffolk","IP14 1EZ"
"d10a1682-43d0-4d2d-b1d4-08bb4dc4f4e0","25 Meer Street","",,"Stratford Upon Avon","Warwickshire","CV37 6QB"
"3ab516af-6735-4523-bf24-370b09f02ff4","1 Barrhill Road","Streatham Hill",,"London","","SW2 4RJ"
"04c29b5f-a199-4acd-a2d7-5369ff9a52f2","Llys Glas","Pleasant Street",,"Swansea","","SA1 5DS"
"078b2515-bd52-459f-839f-49dc9034eb33","Sanford House","College Street entrance",,"Swindon","Wiltshire","SN1 1QH"
"9a4a6e92-5245-4eec-bd0f-3765ad806986","Franklin Avenue","",,"Tadley","Hampshire","RG26 4ET"
"7f916cf6-d2bd-4bcc-90dc-594207c8b1f4","St Mary's House","Magdalene Street",,"Taunton","Somerset","TA1 1SB"
"10e931e1-6d16-4059-a605-375091837ae2","Teignmouth Library","Fore Street",,"Teignmouth","Devon","TQ14 8DY"
"d068e1ea-ecb1-46f5-911d-c4b3f028ea28","Market House","North Street",,"Thame","Oxfordshire","OX9 3HH"
"4fb0d305-890b-4f98-a543-ec2061c0122f","Level 3","Breckland House",,"Thetford","Norfolk","IP24 1BT"
"edac0003-4ef8-40b0-8d03-91753f37e01c","45 Gwent Square","Torfaen",,"Cwmbran","","NP44 1PL"
"07a0876e-8b64-4cae-a13b-e2099497d29f","11 Castle Road","",,"Torquay","Devon","TQ1 3BB"
"fcc361d4-e5b2-4d24-998a-6aeaa2f51628","Follaton House","Plymouth Road",,"Totnes","Devon","TQ9 5NE"
"1a1ad00f-d967-448a-a4a6-772369fa5087","32 Greatorex Street","",,"Tower Hamlets","London","E1 5NP"
"0403bb4a-fdbf-4a47-a080-c860bae9703e","1 Mill Street","",,"Trowbridge","Wiltshire","BA14 8BE"
"08589a48-2974-4be8-beb6-302e5b104a85","The Library","Union Place",,"Truro","Cornwall","TR1 1EP"
"8f664efa-b15a-4e44-9ee6-07befe5a85f9","5th Floor Vale House","Clarence Road",,"Tunbridge Wells","Kent","TN1 1HE"
"3d907c55-3d54-4de9-b965-5f3c1181c40d","5th Floor","Regal House","70 London Road, Richmond","Twickenham","Middlesex","TW1 3QS"
"4a0ee3d5-349c-4dc5-b1f5-a268e8fbfb4b","744-746 Warwick Road","Tyseley",,"Birmingham","West Midlands","B11 2HG"
"7c00741c-0f7c-436d-ad27-1a503693192e","The Hub","Civic Approach",,"Uckfield","East Sussex","TN22 1AL"
"8d019efb-5179-4eda-a220-49fe902e78ff","Ground Floor","27 King Street",,"Wakefield","West Yorkshire","WF1 2SR"
"b74d759c-b95d-4570-b6b6-08b8776fbcf7","237-243 Liscard Road","",,"Wirral","Wallasey","CH44 5TH"
"cb30f26c-15c3-4ab1-b74b-be5cf8d368b7","St Lukes Church House","Hugh Street","","Wallsend","Tyne & Wear","NE28 6RL"
"63036131-1109-41b0-93af-3a0b600b176b","144 Lichfield Street","(opposite The Town Hall)","","Walsall","West Midlands","WS1 1SE"
"f483b135-64aa-4f99-8284-c413fcfa2392","37/39 Walton Road","",,"Liverpool","Merseyside","L4 4AD"
"21ff5ffb-731e-45fe-8745-6e572d0fa2ea","The Gateway","89 Sankey Street",,"Warrington","Cheshire","WA1 1SR"
"40e19ef9-f7d2-49e7-8a51-8316fa29a830","The Elms","19 Front Street","Concord","Washington","Tyne & Wear","NE37 2BA"
"37c7c022-8215-4afc-b99e-77f541f5c5b8","St Mary's Churchyard","High St",,"Watford","Hertfordshire","WD17 2BE"
"31f65492-47b7-4864-9b42-4610c3b279b7","2b High Street","Wellingborough",,"Wellingborough","Northamptonshire","NN8 4HR"
"7617f65b-af64-482b-a4d9-2963977cb28f","Guildhall","Marshallâ€™s Yard",,"Gainsborough","Lincolnshire","DN21 2NA"
"15fd41b2-439a-448a-b775-b2b61e16d4bb","21a Conduit Place","",,"London","","W2 1HS"
"43baaf7b-7c38-42cf-84ce-7f2081a760f5","2 Mulberry Terrace","Great George Street",,"Weymouth","Dorset","DT4 8NQ"
"a9c18d50-4823-40b6-9ba9-3885e52e23d0","Church House","Flowergate",,"Whitby","North Yorkshire","YO21 3BA"
"8f468199-27bb-48a7-aad7-66ded9ee29f5","Whitchurch Civic Centre","High Street",,"Whitchurch","","SY13 1AX"
"9393a3da-1910-408d-98cb-9f317d8d4289","Unit 3","Victoria Buildings","Lugsdale Road","Widnes","Cheshire","WA8 6DJ"
"da4d9366-12a9-4f75-aae9-abc8e77c364f","2nd Floor Wigan Life Centre","The Wiend",,"Wigan","Greater Manchester","WN1 1NH"
"6def2ba5-623a-4fe9-a398-dcc45cc1be5e","First Floor The Library","Ellerthwaite Road",,"Windermere","","LA23 2AJ"
"df38d9b9-e9a9-4bf0-b56b-4309965b815c","The Brunner Guildhall","High Street",,"Winsford","Cheshire","CW7 2AU"
"b4aa9b5f-2a68-4668-a715-a1e78614a613","The Library","Ely Place","","Wisbech","Cambridgeshire","PE13 1EU"
"2922aaf2-a3c9-4c89-8fe5-014c61199569","The Old Print House","Marlborough Lane",,"Witney","Oxfordshire","OX28 6DY"
"2044b7e6-c819-43a8-8c3f-f239c9a28aa6","William Leigh House","15 Walsall Street","Bilston","Wolverhampton","West Midlands","WV14 0AT"
"12481dc1-e871-4f64-9a3f-5ca3ac58c1a1","26 Snow Hill","","","Wolverhampton","West Midlands","WV2 4AD"
"dfad96fe-c421-4ffe-8aa8-5061b2c26195","The Old Glove Factory","13a Lowesmoor",,"Worcester","","WR1 2RS"
"2c5f6936-fcac-45c2-9143-72368351e2fe","The Annexe","Queens Building","District of Bassetlaw","Worksop","Nottinghamshire","S80 2AE"
"adbdad96-4d54-4ce0-ac1f-86bc55957baa","35 Grosvenor Road","",,"Wrexham","","LL11 1BT"
"de610217-c5da-41c7-b847-48f660a1da38","122 Poulton Road","",,"Fleetwood","Lancashire","FY7 7AR"
"83104442-53bb-4539-88db-5797cf1e51ab","21-23 New Road","",,"Kidderminster","Worcestershire","DY10 1AF"
"7a685e35-84e4-4db6-abaa-f83f8cafd8d8","Kennedy Way","",,"Yate","South Gloucestershire","BS37 4DQ"
"c5b2f6c8-c8f3-4f00-ba8a-c8afa4e4fe69","Royal Oak Close","",,"Yateley","Hampshire","GU46 7UD"
"b5920e4c-ac91-49c3-8923-3efd10292db2","Petters House","Petters Way",,"Yeovil","Somerset","BA20 1SH"
"374dea4f-b9f8-45a5-8795-99f3b2a03edd","West Offices","Station Rise",,"York","North Yorkshire","YO1 6GA"
"6e30c892-6361-4c5d-a2d6-1cd767a46d82","Welfare Hall","Brecon Road","Ystradgynlais","","Powys","SA9 1JJ"
